[{"_id":"650348348b52b4f2c1568fee","mid":"22204016","certificateName":"Networking Essentials","issuingOrg":"Cisco","issueMonth":"jan","issueYear":"2020","certificateType":"internal","certificateLevel":"beginner","uploadType":"url","certificateURL":"https://www.credly.com","status":"pending"},{"_id":"650349068b52b4f2c1568fef","mid":"22204016","certificateName":"NE","issuingOrg":"Cis","issueMonth":"mar","issueYear":"2023","certificateType":"external","certificateLevel":"beginner","uploadType":"file","certificateURL":"1694714118204_Networking Essentials.pdf","status":"pending","ext":"pdf"},{"_id":"65083693456c2aa06e287a13","mid":"22204016","certificateName":"NE1","issuingOrg":"Ciscuck","issueMonth":"mar","issueYear":"2023","certificateType":"event","certificateLevel":"beginner","uploadType":"file","certificateURL":"1694714118204_Networking Essentials.pdf","status":"pending","ext":"pdf"}]