[{"_id":"6516f7db980fcda0d586cb55","mid":"22204016","certificateName":"Cisco Networking Essentials","issuingOrg":"Cisco India","issueMonth":"jun","issueYear":2023,"certificateType":"internal","certificateLevel":"intermediate","uploadType":"file","certificateURL":"1696004059436_Networking Essentials - CIS.pdf","status":"approved","ext":"pdf","house":"650837fd456c2aa06e287a17","name":"Anurag Sawant","comments":"WOAH","xp":50},{"_id":"651c10feab3dce53306be617","mid":"22204016","certificateName":"Introduction to Containers, Kubernetes, and OpenShift V2","issuingOrg":"IBM","issueMonth":"oct","issueYear":2023,"certificateType":"external","certificateLevel":"intermediate","uploadType":"file","certificateURL":"1696338174051_IBM CC0201EN Certificate _ Cognitive Class.pdf","status":"approved","ext":"pdf","house":"650837fd456c2aa06e287a17","name":"Anurag Sawant","submittedYear":2023,"comments":"Good Work!","xp":60}]