[{"_id":"6536366f8438900bb130307c","mid":"22204016","certificateName":"Cybersecurity Fundamentals","issuingOrg":"Palo Alto","issueMonth":"oct","issueYear":2023,"certificateType":"external","certificateLevel":"beginner","uploadType":"file","certificateURL":"certificates/22204016/6536366f8438900bb130307c","status":"pending","ext":"pdf","house":"650837fd456c2aa06e287a17","name":"Anurag Sawant","submittedYear":2023},{"_id":"6537c3a6d53206687c841243","mid":"22204016","certificateName":"test","issuingOrg":"test","issueMonth":"feb","issueYear":2020,"certificateType":"internal","certificateLevel":"beginner","uploadType":"file","certificateURL":"certificates/22204016/6537c3a6d53206687c841243","status":"pending","ext":"pdf","house":"650837fd456c2aa06e287a17","name":"Anurag Sawant","submittedYear":2023,"submittedMonth":9,"sha256":"d540a61744ffcc2407b61722350b8761747880640bf2b03fcdc2e82a55b25d82","md5":"046f2910a3c71350a45663748a258425"}]