[{"_id":"650837fd456c2aa06e287a17","name":"Scarlet","logo":"https://i.imgur.com/WZkxgX2.jpeg","points":{"2023":{"january":{"internal":300,"external":150,"events":50},"february":{"internal":400,"external":200,"events":100},"march":{"internal":600,"external":300,"events":150},"april":{"internal":300,"external":150,"events":75},"may":{"internal":450,"external":225,"events":75},"june":{"internal":550,"external":275,"events":100},"july":{"internal":375,"external":200,"events":175},"august":{"internal":475,"external":225,"events":250},"september":{"internal":650,"external":300,"events":350},"october":{"internal":400,"external":260,"events":150},"november":{"internal":500,"external":250,"events":250},"december":{"internal":700,"external":300,"events":400}},"2024":{"december":{"internal":200,"external":600,"events":200}}},"ranking":"1","color":"#ff638433","fc":"as@apsit.edu.in","sc":"22204011","members":["22204016"],"ig":"","lk":"","tw":"","abstract":"Hello World this is carletd","desc":"This is Scarlet House fff","certificates":{"internal":13,"external":49,"events":21},"no":0},{"_id":"64ef10e266653caff05d86ce","name":"Violet","logo":"https://i.imgur.com/WZkxgX2.jpeg","points":{"2023":{"january":{"internal":150,"external":75,"events":25},"february":{"internal":200,"external":100,"events":50},"march":{"internal":300,"external":150,"events":75},"april":{"internal":250,"external":125,"events":75},"may":{"internal":350,"external":175,"events":175},"june":{"internal":400,"external":200,"events":200},"july":{"internal":450,"external":225,"events":225},"august":{"internal":500,"external":250,"events":250},"september":{"internal":550,"external":275,"events":275},"october":{"internal":600,"external":300,"events":300},"november":{"internal":650,"external":325,"events":325},"december":{"internal":700,"external":350,"events":350}}},"ranking":"2","color":"#ffce5633"},{"_id":"64ef10f266653caff05d86d0","name":"Sun","logo":"https://i.imgur.com/WZkxgX2.jpeg","points":{"2023":{"january":{"internal":90,"external":45,"events":15},"february":{"internal":90,"external":45,"events":15},"march":{"internal":90,"external":45,"events":15},"april":{"internal":90,"external":45,"events":15},"may":{"internal":90,"external":45,"events":45},"june":{"internal":90,"external":45,"events":45},"july":{"internal":90,"external":45,"events":45},"august":{"internal":90,"external":45,"events":45},"september":{"internal":90,"external":45,"events":45},"october":{"internal":90,"external":45,"events":45},"november":{"internal":90,"external":45,"events":45},"december":{"internal":90,"external":45,"events":45}}},"ranking":"3","color":"#36a2eb33"},{"_id":"64ef110d66653caff05d86d1","name":"Moon","logo":"https://i.imgur.com/WZkxgX2.jpeg","points":{"2023":{"january":{"internal":50,"external":30,"events":10},"february":{"internal":50,"external":30,"events":10},"march":{"internal":50,"external":30,"events":10},"april":{"internal":50,"external":30,"events":10},"may":{"internal":50,"external":30,"events":30},"june":{"internal":50,"external":30,"events":30},"july":{"internal":50,"external":30,"events":30},"august":{"internal":50,"external":30,"events":30},"september":{"internal":50,"external":30,"events":30},"october":{"internal":50,"external":30,"events":30},"november":{"internal":50,"external":30,"events":30},"december":{"internal":50,"external":30,"events":30}}},"ranking":"4","color":"#4bc0c033"}]